,,,1980,1981,1982,1983,1984,1985,1986,1987,1988,1989,1990,1991,1992,1993,1994,1995,1996,1997,1998,1999,2000,2001,2002,2003,2004,2005,2006,2007,2008,"2009, preliminary",1980,1981,1982,1983,1984,1985,1986,1987,1988,1989,1990,1991,1992,1993,1994,1995,1996,1997,1998,1999,2000,2001,2002,2003,2004,2005,2006,2007,2008,"2009, preliminary",1980,1990,2000,2005,2008,"2009, preliminary"
      United States ,US,00,"8,779","9,709","10,377","11,080","12,211","12,887","13,521","14,123","15,184","16,114","16,985","17,504","18,423","18,901","19,676","20,472","21,357","22,260","23,541","24,368","25,955","26,817","27,816","28,829","30,309","31,342","33,174","34,453","35,464","35,553","18,831","19,139","19,382","19,842","21,070","21,531","22,052","22,210","22,964","23,356","23,542","23,415","23,940","24,034","24,514","24,953","25,478","26,067","27,308","27,819","28,911","29,312","29,995","30,468","31,215","31,342","32,287","32,656","32,527","32,544",100.0,100.0,100.0,100.0,100.0,100.0
Alabama ,AL,01,"6,955","7,679","8,200","8,754","9,679","10,291","10,806","11,328","12,228","13,176","13,943","14,645","15,514","15,943","16,688","17,454","18,006","18,717","19,693","20,333","21,357","22,369","23,321","24,368","25,919","27,027","28,239","29,426","30,438","30,597","14,918","15,138","15,316","15,676","16,701","17,194","17,624","17,814","18,493","19,097","19,326","19,591","20,160","20,273","20,791","21,275","21,480","21,918","22,844","23,212","23,789","24,450","25,148","25,753","26,694","27,027","27,484","27,891","27,917","28,007",79.2,82.1,82.3,86.2,85.8,86.1
Alaska ,AK,02,"13,057","14,086","16,331","16,537","17,267","17,966","17,805","17,260","17,913","19,129","19,937","20,597","21,240","21,963","22,538","23,096","23,377","24,204","24,786","25,368","27,101","28,723","29,980","30,577","32,029","33,567","35,279","36,988","39,945","39,416","28,007","27,768","30,504","29,614","29,794","30,016","29,040","27,143","27,091","27,726","27,634","27,553","27,601","27,927","28,079","28,152","27,888","28,344","28,752","28,960","30,187","31,395","32,328","32,315","32,986","33,567","34,336","35,059","36,636","36,080",148.7,117.4,104.4,107.1,112.6,110.9
Arizona ,AZ,04,"8,418","9,311","9,616","10,371","11,442","12,117","12,759","13,235","13,926","14,476","14,932","15,372","15,891","16,403","17,277","17,953","18,642","19,527","20,758","21,492","22,939","23,676","24,455","25,231","26,728","28,159","29,753","30,629","30,964","30,456","18,056","18,355","17,961","18,572","19,743","20,244","20,810","20,813","21,061","20,982","20,697","20,563","20,650","20,858","21,525","21,883","22,239","22,867","24,079","24,535","25,551","25,879","26,371","26,665","27,527","28,159","28,958","29,032","28,399","27,878",95.9,87.9,88.4,89.8,87.3,85.7
Arkansas ,AR,05,"6,701","7,589","7,933","8,491","9,479","10,031","10,508","10,819","11,592","12,341","12,928","13,605","14,616","15,050","15,708","16,355","17,165","17,680","18,456","19,168","20,034","21,296","21,942","23,242","24,573","25,344","26,694","28,399","29,239","29,536","14,373","14,960","14,818","15,205","16,356","16,759","17,138","17,014","17,531","17,887","17,919","18,199","18,993","19,137","19,570","19,935","20,477","20,704","21,409","21,882","22,315","23,277","23,661","24,563","25,307","25,344","25,981","26,918","26,817","27,036",76.3,76.1,77.2,80.9,82.4,83.1
California ,CA,06,"10,420","11,506","12,116","12,833","14,066","14,738","15,407","16,040","17,118","17,763","18,614","19,139","19,904","20,176","20,790","21,600","22,487","23,367","25,081","25,937","27,664","28,521","29,852","30,940","32,667","33,811","36,084","37,449","38,307","38,127","22,350","22,682","22,631","22,981","24,271","24,623","25,128","25,224","25,889","25,746","25,800","25,602","25,865","25,655","25,902","26,328","26,826","27,363","29,094","29,610","30,814","31,175","32,190","32,699","33,643","33,811","35,120","35,496","35,134","34,900",118.7,109.6,106.6,107.9,108.0,107.2
Colorado ,CO,08,"9,288","10,409","11,105","11,950","13,002","13,490","13,936","14,323","15,127","16,190","17,003","17,704","18,563","19,443","20,353","21,524","22,569","23,625","24,958","26,374","28,857","30,404","30,959","31,434","32,831","34,161","35,947","37,001","37,828","37,418","19,922","20,519","20,742","21,400","22,435","22,538","22,729","22,524","22,878","23,466","23,567","23,683","24,122","24,723","25,357","26,236","26,924","27,666","28,951","30,109","32,143","33,233","33,384","33,221","33,812","34,161","34,986","35,071","34,695","34,251",105.8,100.1,111.2,109.0,106.7,105.2
Connecticut ,CT,09,"10,551","11,749","12,645","13,740","15,361","16,211","17,206","18,474","20,434","22,041","22,815","23,046","24,396","24,935","25,666","26,740","27,517","28,852","30,476","31,533","33,837","35,306","36,633","37,368","39,630","40,649","44,068","45,474","46,592","47,154","22,631","23,161","23,619","24,605","26,505","27,084","28,063","29,052","30,904","31,946","31,623","30,829","31,702","31,707","31,977","32,593","32,826","33,787","35,352","35,998","37,690","38,591","39,502","39,492","40,814","40,649","42,890","43,103","42,733","43,163",120.2,134.3,130.4,129.7,131.4,132.6
Delaware ,DE,10,"8,977","9,795","10,655","11,470","12,648","13,648","14,201","15,137","16,256","17,727","18,262","19,208","19,598","19,890","20,300","21,107","22,153","22,527","24,080","24,665","26,427","27,569","29,040","29,915","31,555","32,252","34,073","34,801","35,580","36,097","19,255","19,309","19,902","20,540","21,824","22,802","23,161","23,804","24,585","25,694","25,312","25,695","25,467","25,292","25,291","25,727","26,427","26,380","27,933","28,158","29,436","30,134","31,315","31,615","32,498","32,252","33,162","32,986","32,633","33,042",102.3,107.5,101.8,102.9,100.3,101.5
District of Columbia,DC,11,"10,378","11,210","12,275","13,094","14,485","15,378","16,165","16,972","18,945","20,378","22,400","23,792","25,092","26,243","26,843","27,268","28,467","29,697","30,732","30,783","33,459","37,806","39,359","41,531","44,926","47,829","52,227","54,989","57,471","59,056","22,260","22,098","22,928","23,448","24,994","25,693","26,365","26,690","28,652","29,536","31,048","31,827","32,606","33,370","33,443","33,237","33,960","34,776","35,649","35,142","37,269","41,323","42,442","43,891","46,269","47,829","50,831","52,121","52,711","54,057",118.2,131.9,128.9,152.6,162.1,166.1
Florida ,FL,12,"8,752","9,773","10,204","11,317","12,391","13,075","13,693","14,380","15,420","16,690","17,398","17,838","18,468","19,089","19,703","20,644","21,357","21,931","23,196","23,944","25,392","26,163","27,361","28,489","30,367","31,726","33,994","34,739","35,172","34,880","18,773","19,265","19,059","20,266","21,380","21,845","22,333","22,614","23,321","24,191","24,115","23,862","23,999","24,273","24,547","25,163","25,478","25,682","26,907","27,335","28,283","28,597","29,504","30,108","31,275","31,726","33,085","32,927","32,259","31,928",99.7,102.4,97.8,101.2,99.2,98.1
Georgia ,GA,13,"7,397","8,229","8,854","9,558","10,753","11,475","12,252","12,853","13,844","14,606","15,424","16,025","16,973","17,548","18,486","19,389","20,425","21,123","22,195","23,108","24,606","25,314","25,955","26,592","27,517","28,660","29,588","30,582","31,093","30,926","15,866","16,222","16,538","17,116","18,554","19,172","19,983","20,213","20,937","21,170","21,379","21,437","22,056","22,313","23,031","23,633","24,366","24,736","25,746","26,380","27,408","27,669","27,988","28,103","28,339","28,660","28,797","28,987","28,518","28,308",84.3,90.8,94.8,91.4,87.7,87.0
Hawaii ,HI,15,"9,959","10,701","11,394","12,384","13,348","13,893","14,479","15,007","16,183","17,553","18,901","19,636","21,148","21,665","21,939","22,346","22,316","22,871","23,382","24,145","25,495","25,867","27,214","28,268","30,302","31,764","34,138","36,276","37,647","38,614","21,362","21,095","21,282","22,177","23,032","23,211","23,615","23,600","24,475","25,441","26,198","26,267","27,481","27,549","27,333","27,238","26,622","26,783","27,123","27,564","28,398","28,274","29,346","29,875","31,208","31,764","33,226","34,384","34,529","35,346",113.4,111.3,98.2,101.3,106.2,108.6
Idaho ,ID,16,"7,708","8,288","8,591","9,294","9,916","10,346","10,651","11,221","12,116","13,045","13,868","14,264","15,106","16,073","16,751","17,446","18,175","18,486","19,638","20,470","21,575","22,543","23,533","24,097","25,932","26,585","28,140","29,250","29,670","29,148","16,533","16,338","16,047","16,643","17,110","17,285","17,372","17,646","18,324","18,907","19,222","19,081","19,630","20,438","20,870","21,265","21,682","21,648","22,780","23,369","24,032","24,640","25,376","25,467","26,707","26,585","27,388","27,725","27,212","26,681",87.8,81.6,83.1,84.8,83.7,82.0
Illinois ,IL,17,"9,439","10,424","11,231","11,790","13,036","13,665","14,367","15,034","16,284","17,149","18,180","18,568","19,908","20,269","21,176","22,179","23,282","24,251","25,509","26,170","27,877","28,530","29,665","30,870","32,227","32,981","34,888","36,360","37,425","37,539","20,246","20,549","20,978","21,113","22,493","22,831","23,432","23,642","24,628","24,856","25,199","24,838","25,870","25,773","26,383","27,034","27,774","28,399","29,590","29,876","31,051","31,184","31,989","32,625","33,190","32,981","33,956","34,464","34,325","34,362",107.5,107.0,107.4,105.2,105.5,105.6
Indiana ,IN,18,"8,168","8,941","9,360","9,872","10,994","11,538","12,161","12,805","13,606","14,629","15,331","15,747","16,906","17,552","18,438","18,994","19,815","20,548","21,848","22,490","23,983","24,579","25,359","26,600","27,633","28,026","29,303","29,883","30,875","30,998","17,520","17,625","17,483","17,678","18,970","19,277","19,834","20,137","20,577","21,203","21,250","21,065","21,969","22,319","22,971","23,152","23,638","24,062","25,344","25,675","26,714","26,866","27,345","28,112","28,459","28,026","28,520","28,325","28,318","28,374",93.0,90.3,92.4,89.4,87.1,87.2
Iowa ,IA,19,"8,307","9,413","9,861","10,205","11,508","12,002","12,591","13,178","13,519","14,595","15,330","15,681","16,723","16,573","18,108","18,636","20,228","20,918","21,923","22,497","24,136","24,723","26,026","26,785","28,933","29,261","30,465","31,912","33,752","33,734","17,818","18,556","18,419","18,275","19,857","20,052","20,536","20,724","20,446","21,154","21,248","20,977","21,731","21,074","22,560","22,715","24,131","24,496","25,431","25,683","26,884","27,023","28,065","28,307","29,798","29,261","29,651","30,248","30,956","30,879",94.6,90.3,93.0,93.4,95.2,94.9
Kansas ,KS,20,"8,616","9,613","10,397","10,983","12,118","12,672","13,352","13,787","14,353","14,949","15,921","16,497","17,573","18,109","18,854","19,307","20,446","21,387","22,722","23,406","24,841","26,017","26,609","27,880","28,935","29,705","31,836","32,977","34,555","34,528","18,481","18,950","19,420","19,668","20,909","21,172","21,777","21,681","21,707","21,667","22,067","22,068","22,836","23,027","23,490","23,533","24,391","25,045","26,357","26,720","27,670","28,438","28,693","29,465","29,800","29,705","30,985","31,257","31,693","31,605",98.1,93.7,95.7,94.8,97.4,97.1
Kentucky ,KY,21,"7,173","7,901","8,419","8,743","9,881","10,252","10,529","11,066","12,062","12,838","13,544","14,328","15,226","15,560","16,193","16,724","17,571","18,383","19,420","20,103","21,726","22,178","22,979","23,593","24,738","25,468","26,848","27,651","28,558","29,204","15,386","15,575","15,725","15,657","17,049","17,128","17,173","17,402","18,242","18,607","18,773","19,167","19,786","19,786","20,174","20,385","20,961","21,527","22,527","22,950","24,200","24,241","24,779","24,934","25,477","25,468","26,130","26,209","26,193","26,732",81.7,79.7,83.7,81.3,80.5,82.1
Louisiana ,LA,22,"7,669","8,671","9,309","9,691","10,393","10,763","10,880","11,058","11,838","12,608","13,687","14,412","15,319","15,935","16,897","17,518","18,059","18,780","19,733","20,094","21,073","22,720","23,573","24,526","25,807","27,557","30,560","31,995","32,894","32,953","16,450","17,093","17,388","17,354","17,933","17,982","17,745","17,390","17,904","18,274","18,971","19,279","19,907","20,262","21,052","21,353","21,543","21,992","22,890","22,939","23,473","24,834","25,419","25,920","26,578","27,557","29,743","30,326","30,169","30,164",87.4,80.6,81.2,87.9,92.8,92.7
Maine ,ME,23,"7,450","8,125","8,715","9,403","10,421","11,114","11,889","12,677","13,735","14,707","15,222","15,558","16,305","16,738","17,457","18,197","19,105","19,896","21,153","22,010","23,227","24,627","25,794","27,001","28,455","28,676","30,111","31,209","32,665","33,859","15,980","16,017","16,278","16,839","17,981","18,569","19,391","19,936","20,773","21,316","21,099","20,812","21,188","21,284","21,749","22,180","22,791","23,299","24,537","25,127","25,872","26,918","27,814","28,536","29,305","28,676","29,306","29,581","29,959","30,993",84.9,89.6,89.5,91.5,92.1,95.2
Maryland ,MD,24,"9,488","10,362","11,284","12,257","13,456","14,587","15,457","16,239","17,651","18,557","19,420","20,114","20,923","21,490","22,278","22,900","23,692","24,424","26,036","27,232","29,231","30,714","32,121","33,328","35,498","36,854","38,853","40,234","41,642","43,125","20,351","20,427","21,077","21,949","23,218","24,371","25,210","25,537","26,695","26,897","26,917","26,907","27,189","27,326","27,756","27,913","28,263","28,601","30,202","31,088","32,560","33,572","34,637","35,222","36,559","36,854","37,815","38,136","38,193","39,475",108.1,114.3,112.6,117.6,117.4,121.3
Massachusetts ,MA,25,"9,021","9,933","11,034","11,990","13,519","14,432","15,387","16,483","18,198","18,931","19,549","20,154","21,166","21,752","22,729","23,664","24,786","25,914","27,400","28,570","30,786","32,355","33,937","34,781","36,472","37,559","40,327","41,804","43,306","44,163","19,350","19,581","20,610","21,471","23,327","24,112","25,096","25,921","27,522","27,439","27,096","26,960","27,505","27,659","28,317","28,844","29,568","30,346","31,784","32,616","34,292","35,365","36,595","36,758","37,562","37,559","39,249","39,624","39,719","40,425",102.8,115.1,118.6,119.8,122.1,124.2
Michigan ,MI,26,"8,961","9,611","10,130","10,761","11,937","12,807","13,555","13,895","14,768","15,726","16,368","16,833","17,880","18,484","19,787","20,407","21,013","21,840","23,062","23,861","25,285","26,034","26,775","28,014","28,516","28,916","29,684","30,370","31,343","31,309","19,221","18,946","18,921","19,270","20,597","21,397","22,108","21,851","22,335","22,793","22,687","22,518","23,235","23,504","24,652","24,874","25,067","25,575","26,752","27,240","28,164","28,456","28,872","29,606","29,368","28,916","28,891","28,786","28,747","28,659",102.1,96.4,97.4,92.3,88.4,88.1
Minnesota ,MN,27,"8,810","9,663","10,380","10,975","12,487","13,164","13,900","14,590","15,151","16,341","17,123","17,591","18,570","18,755","19,982","20,880","22,141","23,136","24,932","26,239","27,780","28,564","29,747","31,163","32,871","33,291","34,923","36,202","37,599","37,493","18,897","19,049","19,388","19,654","21,546","21,994","22,671","22,944","22,914","23,685","23,733","23,532","24,131","23,848","24,895","25,451","26,413","27,093","28,921","29,955","30,943","31,222","32,077","32,934","33,853","33,291","33,990","34,314","34,485","34,319",100.4,100.8,107.0,106.2,106.0,105.5
Mississippi ,MS,28,"6,303","7,004","7,487","7,762","8,540","8,975","9,303","9,841","10,581","11,379","11,938","12,573","13,411","14,077","15,022","15,605","16,381","17,063","17,997","18,539","19,491","20,702","21,244","22,170","23,357","24,806","25,764","27,099","27,994","28,221","13,520","13,807","13,984","13,900","14,736","14,995","15,173","15,476","16,002","16,493","16,547","16,819","17,427","17,900","18,716","19,021","19,542","19,981","20,876","21,164","21,710","22,628","22,908","23,430","24,055","24,806","25,075","25,686","25,675","25,832",71.8,70.3,75.1,79.1,78.9,79.4
Missouri ,MO,29,"8,124","9,024","9,611","10,436","11,556","12,238","12,814","13,366","14,099","14,915","15,492","16,280","17,218","17,742","18,653","19,287","20,130","21,089","22,181","22,866","24,335","24,989","26,107","27,268","28,429","28,880","30,288","31,162","32,487","32,623","17,426","17,789","17,952","18,688","19,940","20,446","20,899","21,019","21,323","21,618","21,473","21,778","22,374","22,560","23,239","23,509","24,014","24,696","25,730","26,104","27,106","27,314","28,152","28,818","29,279","28,880","29,479","29,537","29,796","29,862",92.5,91.2,93.8,92.1,91.6,91.8
Montana ,MT,30,"7,936","8,980","9,476","9,899","10,440","10,571","11,211","11,570","11,862","12,972","13,693","14,588","15,107","15,955","16,068","16,599","17,198","17,815","19,069","19,547","20,781","22,536","23,220","24,607","26,103","27,192","28,850","30,163","31,035","31,123","17,022","17,702","17,700","17,727","18,014","17,661","18,285","18,195","17,940","18,802","18,979","19,514","19,631","20,288","20,019","20,233","20,516","20,862","22,120","22,315","23,147","24,633","25,039","26,006","26,883","27,192","28,079","28,590","28,464","28,489",90.4,80.6,80.1,86.8,87.5,87.5
Nebraska ,NE,31,"8,010","9,337","9,880","10,489","11,777","12,414","12,841","13,436","14,302","14,987","15,996","16,565","17,384","17,742","18,788","19,569","21,203","21,430","22,711","23,727","25,070","26,342","27,266","29,252","30,287","30,997","31,971","33,711","35,159","34,824","17,181","18,406","18,454","18,783","20,321","20,740","20,943","21,129","21,630","21,722","22,171","22,159","22,590","22,560","23,407","23,853","25,294","25,095","26,345","27,087","27,925","28,793","29,402","30,915","31,192","30,997","31,117","31,953","32,247","31,876",91.2,94.2,96.6,98.9,99.1,97.9
Nevada ,NV,32,"10,279","11,151","11,603","12,137","12,963","13,605","14,169","14,728","15,850","16,818","17,562","18,399","19,541","20,109","21,136","22,038","22,957","23,787","24,943","25,814","26,882","27,245","27,885","29,372","31,580","33,735","34,706","36,353","36,804","35,611","22,048","21,982","21,672","21,735","22,367","22,730","23,109","23,161","23,971","24,376","24,342","24,612","25,393","25,570","26,333","26,862","27,386","27,855","28,934","29,469","29,943","29,780","30,069","31,041","32,524","33,735","33,778","34,457","33,756","32,597",117.1,103.4,103.6,107.6,103.8,100.2
New Hampshire ,NH,33,"8,664","9,667","10,667","11,582","12,906","13,867","14,795","15,894","17,133","17,917","18,016","18,898","19,636","19,951","21,176","22,192","23,656","24,059","25,923","26,934","29,273","30,066","31,436","32,293","34,157","34,536","36,645","37,981","38,988","39,436","18,584","19,057","19,924","20,741","22,269","23,168","24,130","24,995","25,912","25,969","24,971","25,280","25,517","25,369","26,383","27,050","28,220","28,174","30,071","30,748","32,606","32,863","33,898","34,128","35,178","34,536","35,666","36,000","35,759","36,098",98.7,106.1,112.8,110.2,109.9,110.9
New Jersey ,NJ,34,"10,053","11,149","12,029","13,059","14,408","15,192","16,067","17,056","18,816","20,102","21,163","21,607","22,974","23,335","23,935","25,242","26,445","27,690","29,017","29,748","32,333","33,367","34,648","35,504","37,278","38,153","41,264","42,951","44,397","44,893","21,563","21,978","22,468","23,386","24,861","25,382","26,205","26,822","28,457","29,136","29,333","28,904","29,854","29,672","29,820","30,768","31,547","32,426","33,660","33,960","36,015","36,471","37,362","37,522","38,392","38,153","40,161","40,711","40,720","41,093",114.5,124.6,124.6,121.7,125.2,126.3
New Mexico ,NM,35,"7,467","8,226","8,764","9,443","10,204","10,837","11,128","11,386","11,926","12,568","13,313","14,040","14,674","15,334","15,973","16,757","17,294","17,799","18,786","19,100","20,200","22,197","22,699","23,526","24,981","26,242","27,515","28,881","30,299","30,604","16,016","16,216","16,370","16,910","17,607","18,106","18,149","17,906","18,037","18,216","18,453","18,781","19,069","19,498","19,900","20,425","20,631","20,843","21,792","21,805","22,500","24,262","24,477","24,863","25,728","26,242","26,780","27,375","27,789","28,014",85.1,78.4,77.8,83.7,85.4,86.1
New York ,NY,36,"9,395","10,385","11,264","12,272","13,566","14,357","15,258","16,076","17,762","18,903","20,371","20,471","21,351","21,595","22,218","23,292","24,285","25,401","26,324","27,104","28,623","29,013","30,169","31,177","33,020","34,601","36,940","39,545","40,909","41,068","20,152","20,472","21,039","21,976","23,408","23,987","24,885","25,281","26,863","27,398","28,235","27,384","27,745","27,460","27,681","28,391","28,971","29,745","30,536","30,942","31,882","31,712","32,532","32,949","34,007","34,601","35,953","37,483","37,521","37,592",107.0,119.9,110.3,110.4,115.4,115.5
North Carolina ,NC,37,"7,160","7,984","8,605","9,277","10,446","11,138","11,840","12,488","13,533","14,417","15,145","15,662","16,764","17,454","18,213","19,036","19,941","20,924","21,960","22,902","24,253","24,735","25,287","25,972","27,499","28,545","29,716","30,654","31,258","31,443","15,358","15,739","16,073","16,613","18,024","18,609","19,311","19,639","20,467","20,896","20,992","20,951","21,784","22,194","22,691","23,203","23,789","24,503","25,474","26,145","27,015","27,036","27,268","27,448","28,321","28,545","28,922","29,055","28,669","28,782",81.6,89.2,93.4,91.1,88.1,88.4
North Dakota ,ND,38,"6,920","9,058","9,902","10,349","11,163","11,592","11,920","12,379","11,407","12,999","14,380","14,632","16,055","15,999","17,394","17,147","19,296","18,728","20,925","21,185","23,121","24,027","25,037","27,490","28,010","29,681","30,501","33,069","36,272","36,496","14,843","17,856","18,495","18,533","19,261","19,367","19,441","19,467","17,252","18,841","19,932","19,573","20,863","20,344","21,671","20,901","23,019","21,931","24,273","24,185","25,754","26,262","26,998","29,052","28,847","29,681","29,686","31,344","33,268","33,407",78.8,84.7,89.1,94.7,102.3,102.7
Ohio ,OH,39,"8,746","9,476","10,075","10,709","11,891","12,567","13,138","13,606","14,563","15,469","16,341","16,737","17,672","18,191","19,173","19,833","20,441","21,564","22,808","23,597","24,757","25,355","26,272","27,323","28,148","28,738","30,014","30,954","31,875","32,255","18,760","18,680","18,818","19,177","20,518","20,996","21,428","21,397","22,025","22,421","22,650","22,389","22,964","23,131","23,887","24,174","24,385","25,252","26,457","26,938","27,576","27,714","28,330","28,876","28,989","28,738","29,212","29,340","29,235","29,525",99.6,96.2,95.4,91.7,89.9,90.7
Oklahoma ,OK,40,"8,260","9,391","10,070","10,333","11,213","11,713","12,103","12,070","12,702","13,552","14,170","14,630","15,447","15,905","16,463","16,939","17,717","18,442","19,345","20,077","21,723","23,214","23,613","24,444","26,216","27,435","29,718","30,503","32,248","32,370","17,717","18,512","18,809","18,504","19,348","19,569","19,740","18,981","19,210","19,642","19,640","19,571","20,073","20,224","20,511","20,647","21,135","21,596","22,440","22,920","24,197","25,374","25,463","25,833","27,000","27,435","28,924","28,912","29,577","29,630",94.1,83.4,83.7,87.5,90.9,91.0
Oregon ,OR,41,"8,705","9,365","9,668","10,411","11,310","11,808","12,298","12,882","13,972","14,739","15,709","16,157","16,780","17,502","18,443","19,631","20,585","21,372","22,427","23,192","24,536","25,245","26,340","27,247","28,149","28,503","30,256","31,362","31,798","32,246","18,672","18,461","18,058","18,644","19,515","19,728","20,058","20,258","21,131","21,363","21,774","21,613","21,805","22,255","22,978","23,928","24,557","25,027","26,015","26,476","27,330","27,594","28,403","28,796","28,990","28,503","29,447","29,726","29,164","29,517",99.2,92.5,94.5,90.9,89.7,90.7
Pennsylvania ,PA,42,"8,725","9,581","10,346","10,973","11,876","12,610","13,248","13,902","15,009","16,143","17,091","17,854","18,611","19,152","19,717","20,406","21,298","22,187","23,709","24,511","25,999","26,530","27,818","28,874","30,174","30,792","32,683","33,878","35,041","35,861","18,715","18,887","19,325","19,650","20,492","21,068","21,607","21,862","22,699","23,398","23,689","23,883","24,185","24,353","24,565","24,873","25,407","25,982","27,502","27,982","28,960","28,998","29,997","30,515","31,076","30,792","31,810","32,111","32,139","32,826",99.4,100.6,100.2,98.2,98.8,100.9
Rhode Island ,RI,44,"8,445","9,405","10,170","10,956","12,107","12,891","13,616","14,299","15,729","17,028","17,453","17,674","18,495","19,155","19,655","20,683","21,407","22,361","23,388","24,038","25,340","26,891","28,418","29,847","31,320","32,137","33,905","35,309","36,659","37,460","18,114","18,540","18,996","19,620","20,890","21,537","22,207","22,487","23,788","24,680","24,191","23,643","24,034","24,357","24,488","25,211","25,537","26,185","27,130","27,442","28,225","29,393","30,644","31,543","32,256","32,137","32,999","33,468","33,623","34,289",96.2,102.8,97.6,102.5,103.4,105.4
South Carolina ,SC,45,"6,840","7,571","8,071","8,701","9,744","10,332","10,874","11,489","12,421","13,239","14,044","14,537","15,243","15,801","16,598","17,241","18,025","18,772","19,853","20,712","22,165","22,731","23,507","24,259","25,407","26,365","27,765","28,534","29,312","29,386","14,671","14,925","15,075","15,581","16,813","17,262","17,735","18,068","18,785","19,189","19,466","19,446","19,808","20,092","20,679","21,015","21,503","21,983","23,029","23,645","24,689","24,846","25,348","25,638","26,166","26,365","27,023","27,046","26,884","26,899",77.9,82.7,85.4,84.1,82.7,82.7
South Dakota ,SD,46,"7,298","8,556","8,996","9,473","10,807","11,040","11,566","12,133","12,583","13,465","14,725","15,288","16,270","16,641","17,886","17,886","19,845","19,984","21,501","22,359","23,881","25,251","25,811","28,389","29,971","30,619","30,815","33,189","35,527","34,483","15,654","16,866","16,803","16,964","18,647","18,445","18,864","19,080","19,030","19,516","20,410","20,451","21,143","21,160","22,284","21,801","23,674","23,402","24,941","25,525","26,600","27,600","27,833","30,003","30,867","30,619","29,991","31,458","32,584","31,564",83.1,86.7,92.0,97.7,100.2,97.0
Tennessee ,TN,47,"7,374","8,173","8,736","9,296","10,367","10,995","11,679","12,400","13,391","14,183","15,004","15,671","16,844","17,551","18,369","19,297","19,910","20,646","21,927","22,764","24,011","24,821","25,780","26,783","28,017","28,802","30,013","31,100","31,976","31,964","15,817","16,111","16,317","16,647","17,888","18,370","19,048","19,500","20,252","20,557","20,796","20,963","21,888","22,317","22,885","23,521","23,752","24,177","25,435","25,987","26,745","27,130","27,799","28,305","28,854","28,802","29,211","29,478","29,327","29,258",84.0,88.3,92.5,91.9,90.2,89.9
Texas ,TX,48,"8,553","9,712","10,384","10,917","11,896","12,546","12,752","12,950","13,733","14,479","15,463","15,999","16,977","17,542","18,209","18,995","19,942","21,188","22,474","23,400","25,166","25,851","26,243","27,104","28,605","30,175","31,832","33,138","34,281","33,818","18,346","19,145","19,396","19,550","20,526","20,961","20,798","20,365","20,769","20,986","21,433","21,402","22,061","22,306","22,686","23,153","23,790","24,812","26,070","26,714","28,032","28,256","28,299","28,645","29,460","30,175","30,981","31,410","31,442","30,956",97.4,91.0,97.0,96.3,96.7,95.1
Utah ,UT,49,"7,575","8,298","8,832","9,440","10,264","10,726","11,072","11,315","11,772","12,482","13,131","13,772","14,350","14,945","15,691","16,497","17,455","18,379","19,418","20,038","21,454","22,502","23,061","23,384","24,325","25,555","26,850","28,020","28,585","28,188","16,248","16,358","16,497","16,905","17,710","17,920","18,058","17,794","17,804","18,091","18,200","18,423","18,648","19,004","19,549","20,108","20,823","21,522","22,525","22,875","23,897","24,596","24,867","24,713","25,052","25,555","26,132","26,559","26,217","25,802",86.3,77.3,82.7,81.5,80.6,79.3
Vermont ,VT,50,"7,593","8,491","9,175","9,734","10,697","11,426","12,135","12,933","13,939","15,097","15,527","15,835","16,841","17,272","18,028","18,752","19,561","20,326","21,808","22,964","24,523","25,757","26,744","28,015","29,623","29,910","32,094","33,385","34,443","35,232","16,287","16,738","17,137","17,431","18,457","19,090","19,792","20,338","21,081","21,882","21,521","21,183","21,885","21,963","22,461","22,857","23,335","23,802","25,297","26,216","27,315","28,153","28,839","29,607","30,508","29,910","31,236","31,644","31,590","32,250",86.5,91.4,94.5,95.4,97.1,99.1
Virginia ,VA,51,"8,732","9,636","10,463","11,367","12,590","13,376","14,172","14,933","16,118","17,059","17,735","18,403","19,232","19,852","20,618","21,312","22,081","23,134","24,083","25,054","26,780","28,301","29,451","30,793","32,506","33,965","35,887","37,359","38,596","39,502","18,730","18,995","19,543","20,356","21,724","22,348","23,114","23,484","24,377","24,725","24,582","24,618","24,992","25,243","25,687","25,977","26,341","27,091","27,936","28,602","29,829","30,934","31,758","32,543","33,478","33,965","34,928","35,411","35,399","36,158",99.5,104.4,103.2,108.4,108.8,111.1
Washington ,WA,53,"9,464","10,333","11,071","11,826","12,629","13,180","13,933","14,426","15,351","16,389","17,449","18,396","19,313","19,871","20,572","21,252","22,410","23,519","25,055","26,111","27,951","28,850","29,759","30,730","32,811","33,207","35,526","37,343","38,447","38,472","20,300","20,369","20,679","21,178","21,791","22,020","22,724","22,686","23,217","23,754","24,185","24,608","25,097","25,267","25,630","25,904","26,734","27,541","29,064","29,808","31,134","31,534","32,090","32,477","33,792","33,207","34,577","35,396","35,262","35,216",107.8,102.7,107.7,106.0,108.4,108.2
West Virginia ,WV,54,"7,077","7,705","8,259","8,516","9,250","9,684","10,041","10,395","11,290","11,978","12,908","13,544","14,513","14,937","15,538","16,015","16,662","17,330","18,315","18,829","19,815","21,125","22,129","22,788","23,667","24,249","26,059","27,214","28,703","29,790","15,180","15,189","15,426","15,250","15,961","16,179","16,377","16,347","17,075","17,361","17,891","18,118","18,859","18,993","19,358","19,521","19,877","20,294","21,245","21,495","22,071","23,090","23,862","24,083","24,374","24,249","25,363","25,795","26,326","27,268",80.6,76.0,76.3,77.4,80.9,83.8
Wisconsin ,WI,55,"8,764","9,478","10,092","10,584","11,567","12,098","12,718","13,309","13,998","15,049","15,716","16,197","17,244","17,836","18,803","19,483","20,327","21,296","22,827","23,753","25,078","26,032","27,216","28,215","29,257","29,873","31,445","32,554","33,433","33,452","18,798","18,684","18,850","18,953","19,959","20,213","20,743","20,930","21,170","21,812","21,783","21,667","22,408","22,680","23,426","23,748","24,249","24,938","26,479","27,117","27,934","28,454","29,348","29,819","30,131","29,873","30,605","30,856","30,664","30,621",99.8,92.5,96.6,95.3,94.3,94.1
Wyoming ,WY,56,"10,167","11,085","11,763","11,321","12,048","12,691","12,935","12,911","13,367","14,671","16,056","16,725","17,428","18,013","18,607","19,167","19,517","20,776","22,275","23,700","25,330","27,364","28,837","30,854","33,060","35,371","39,292","40,864","42,827","41,382","21,808","21,852","21,971","20,273","20,789","21,203","21,097","20,304","20,216","21,264","22,255","22,373","22,647","22,905","23,182","23,363","23,283","24,329","25,839","27,056","28,214","29,910","31,096","32,608","34,048","35,371","38,242","38,733","39,280","37,879",115.8,94.5,97.6,112.9,120.8,116.4
